"metric_id","n_tracts","pearson_r","pearson_p","spearman_rho","spearman_p"
"transit_proxy_distance_vs_risk",20,-0.533032534055541,0.0155208610429677,-0.302208200116886,0.195311180816055
"shelter_distance_vs_nearby_claim",20,-0.411567724473647,0.071396285494071,-0.15469270013622,0.514917550145331
"no_vehicle_share_vs_risk",20,0.991174692656514,2.98737683896789e-17,0.990270249243896,7.1650187626408e-17
